{"cameraMode":{"drawMode":0,"name":"Shaded","section":"Shading Mode"},"sceneLighting":true,"audioPlay":false,"sceneViewState":{"showFog":true,"showMaterialUpdate":true,"showSkybox":true,"showFlares":true,"showImageEffects":true,"showParticleSystems":true},"in2DMode":false,"pivot":{"x":0.0,"y":-0.019050002098083497,"z":0.13066576421260835},"rotation":{"x":0.06356044858694077,"y":0.887702465057373,"z":-0.12900109589099885,"w":0.43738219141960146},"size":5.741545677185059,"orthographic":false}